SKU Code,Brand, Category,Title,Default List,Standard/Premium,Priority,Room,MRP Price,Purchase Price,5% Margin,Delivery Fee,Minimum Sales Price,Recommended Retail Price,Market Price 1,Market Price 2,BH Price,Discount,Margin,Margin %,Top Benefits,Product Image URL,URL
HAAC111118,Daikin,Air Conditioner,Daikin AC 1.5 Ton - Inverter - 3 Star - Split AC - FTKC50UV16V and RKC50UV16V - Copper Condenser,Standard List,Standard,1,Bedroom,"58,200","36,290","38,431",,"38,431","38,990","39,469","40,990","39,000","19,200","2,710",5.83%,"1. Energy-efficient for medium rooms, typically bedrooms: 966 units per year.
2. Coanda airflow gives even cooling across every corner.
3. PM 2.5 filter keeps indoor air cleaner and healthier.
4. 5 years for Printed Circuit Board and 10 years for compressor gives peace of mind.",https://betterhomeapp.com/cdn/shop/files/Daikin-1.5_Ton-3_Star-Inverter-Split_AC-_FTKC50UV16V_RKC50UV16V_Copper_Condenser_-Front_View.png?v=1734097761,https://betterhomeapp.com/products/daikin-ac-1-5-ton-inverter-3-star-split-ac-ftkc50uv16v-and-rkc50uv16v-copper-condenser?_pos=1&_psq=FTKC50UV16V&_ss=e&_v=1.0
,Daikin,Air Conditioner,Daikin AC 1.0 Ton - Inverter - 3 Star FTKC35UV16,,Standard,1,Bedroom,47500,"32,290","34,195",,"34,195",34990,"37,690",,"34,500","13,000","2,210",5.35%,,,
HAAC111132,Daikin,Air Conditioner,Daikin AC 2.02 Ton - Inverter - 4 Star - Split AC - FTKL71UV16M and RKL71UV16M - Copper Condenser ,,Standard,1,Hall,"86,800","60,590","64,165",,"64,165","63,290","63,979",,"63,200","23,600","2,610",3.37%,,https://betterhomeapp.com/cdn/shop/files/Daikin-2.02-Ton-3Star-Inverter-SplitAC-_FTKL71UV16T_RKL71UV16T_CopperCondenser_-FrontView.png?v=1734121468,https://betterhomeapp.com/products/daikin-ac-2-02-ton-inverter-4-star-split-ac-ftkl71uv16m-and-rkl71uv16m-copper-condenser
HAAC111122,Daikin,Air Conditioner,Daikin AC 0.8 Ton - Non Inverter - 3 Star - Split AC - FTL30UV16V1 and RL35UV16V1 - Copper Condenser ,,Standard,3,Bedroom,"38,100","25,290","26,782",,"26,782","27,990","27,290",,"27,000","11,100","1,710",5.28%,,https://betterhomeapp.com/cdn/shop/files/Daikin-0.8-Ton-3-Star-NonInverter-SplitAC-_FTL30UV16V1_RL35UV16V1_CopperCondenser_-FrontImage.png?v=1733940370,https://betterhomeapp.com/products/daikin-ac-0-8-ton-non-inverter-3-star-split-ac-ftl30uv16v1-and-rl35uv16v1-copper-condenser?_pos=1&_psq=FTL30&_ss=e&_v=1.0
HAAC111121,Daikin,Air Conditioner,Daikin AC 1.0 Ton - Non Inverter - 3 Star - Split AC - FTL35UV16W1 and RL35UV16W1 - Copper Condenser ,,Standard,2,Bedroom,"46,000","33,290","35,254",,"35,254","35,990","34,990",,"34,800","11,200","1,510",3.54%,,https://betterhomeapp.com/cdn/shop/files/Daikin-1.0-Ton-3Star-NonInverter-SplitAC-_FTL35UV16W1_RL35UV16W1_CopperCondenser_-FrontView.png?v=1733935962,https://betterhomeapp.com/products/daikin-ac-1-0-ton-non-inverter-3-star-split-ac-ftl35uv16w1-and-rl35uv16w1-copper-condenser?
HAAC111120,Daikin,Air Conditioner,Daikin AC 1.5 Ton - Non Inverter - 3 Star - Split AC - FTL50UV16U3 and RL50UV16U3 - Copper Condenser ,,Premium,2,Bedroom,"55,600","39,790","42,138",,"42,138","42,490","44,590",,"40,855","14,745","1,065",2.09%,,https://betterhomeapp.com/cdn/shop/files/Daikin-1.0-Ton-3Star-NonInverter-SplitAC-_FTL35UV16W1_RL35UV16W1_CopperCondenser_-FrontView.png?v=1733935962,https://betterhomeapp.com/products/daikin-ac-1-5-ton-non-inverter-3-star-split-ac-ftl50uv16u3-and-rl50uv16u3-copper-condenser?_pos=1&_sid=1233a8b4f&_ss=r
HAAC111109,Daikin,Air Conditioner,"Daikin AC - 1.0 Ton - Inverter - 5 Star - Split AC - FTKM35UV16 and RKM35UV16 - Copper Condenser
",,Premium,3,Bedroom,"55,500","39,290","41,608",,"41,608","41,990",,,"40,917","14,583","1,627",3.24%,,https://betterhomeapp.com/cdn/shop/files/Daikin-1.0-Ton-5Star-Inverter-SplitAC-_FTKM35UV16_RKM35UV16_CopperCondenser_-FrontView.png?v=1733976709,https://betterhomeapp.com/products/daikin-ac-1-0-ton-inverter-5-star-split-ac-ftkm35uv16-and-rkm35uv16-copper-condenser?_pos=1&_sid=bbd22be1d&_ss=r
HAAC111110,Daikin,Air Conditioner,Daikin AC - 1.5 Ton - Inverter - 5 Star - Split AC - FTKM50UV16 and RKM50UV16 - Copper Condenser ,,Premium,3,Bedroom,"67,200","45,290","47,962",,"47,962","47,990",,,"47,806","19,394","2,516",4.34%,,https://betterhomeapp.com/cdn/shop/files/Daikin-1.5-Ton-5Star-Inverter-SplitAC-_FTKM50UV16_RKM50UV16_CopperCondenser_-FrontView.png?v=1734004549,https://betterhomeapp.com/products/daikin-ac-1-5-ton-inverter-5-star-split-ac-ftkm50uv16-and-rkm50uv16-copper-condenser?_pos=1&_sid=1974839cd&_ss=r
HAAC111112,Daikin,Air Conditioner,Daikin AC - 1.0 Ton - Inverter - 5 Star - Split AC - FTKU35UV16W and RKU35UV16W - Copper Condenser ,,Premium,3,Bedroom,"54,200","38,290","40,549",,"40,549","40,990","46,856",,"40,500","13,700","2,210",4.51%,,https://betterhomeapp.com/cdn/shop/files/Daikin-1.0Ton-5Star-Inverter-SplitAC-_FTKU35UV16W_RKU35UV16W_CopperCondenser_-FullView.png?v=1733802210,https://betterhomeapp.com/products/daikin-ac-1-0-ton-inverter-5-star-split-ac-ftku35uv16w-and-rku35uv16w-copper-condenser?_pos=1&_sid=8cd68d8de&_ss=r
,Daikin,Air Conditioner,Daikin AC 1.5 Ton - Inverter - 5 Star FTKU50UV16,,Premium,3,Bedroom,64300,"43,290","45,844",,"45,844",45990,"45,559",,"45,300","19,000","2,010",3.63%,,,
HAAC111128,LG ,Air Conditioner,"LG AC 2 Ton 3 Star Split AC with AI Convertible 6-in-1 Cooling, Gold Fin+, Viraat Mode, Diet Mode+, 2025 Model US-Q24ENXE",Premium List,Premium,1,Hall,"95,990","53,500","56,657",,"56,657",,"54,990",,"57,990","38,000","4,490",6.56%,,https://betterhomeapp.com/cdn/shop/files/LG_AC_2Ton_3_Star_SplitAC_with_AI_Convertible_6-in-1_Cooling_GoldFin_ViraatMode_DietMode_2025Model_US-Q24ENXE.png?v=1743749565,https://betterhomeapp.com/products/lg-ac-2-ton-3-star-split-ac-with-ai-convertible-6-in-1-cooling-gold-fin-viraat-mode-diet-mode-2025-model-us-q24enxe
HAAC111127,LG ,Air Conditioner,"LG AC 1.5 Ton 3 Star Split AC with AI Convertible, 100% Copper Tubes, Diet Mode+, Gold Fin+, Viraat Mode,2025 Model US-Q19WNXE",Premium List,"Standard, Premium",1,Bedroom,78990,"39,000","41,301",,"41,301",,"43,990",,"41,340","37,650","2,340",4.69%,,https://betterhomeapp.com/cdn/shop/files/LG_AC_1.5Ton_3Star_SplitAC_with_AIConvertible_100_CopperTubes_DietMode_GoldFin_ViraatMode_2025ModelUS-Q19WNXE-11.png?v=1742583799,https://betterhomeapp.com/products/lg-ac-1-5-ton-3-star-split-ac-with-ai-convertible-100-copper-tubes-diet-mode-gold-fin-viraat-mode-2025-model-us-q19wnxe
HAAC111129,LG ,Air Conditioner,"LG AC 1.0 Ton 3 Star Split AC with AI Convertible 6-in-1 Cooling, Gold Fin+, Viraat Mode, Dual Inverter Compressor, 2025 Model US-Q12BNXE",,Premium,2,Bedroom,79900,"45,990","48,703",,"48,703",,"50,300",,"48,800","31,100","2,810",4.77%,,https://betterhomeapp.com/cdn/shop/files/LG_AC_1.0_Ton_3_Star_Split_AC_with_AI_Convertible_6-in-1_Cooling_Gold_Fin_Viraat_Mode_Dual_Inverter_Compressor_2025_Model_US-Q12BNXE-Open_View.png?v=1743790424,https://betterhomeapp.com/products/lg-ac-1-0-ton-3-star-split-ac-with-ai-convertible-6-in-1-cooling-gold-fin-viraat-mode-dual-inverter-compressor-2025-model-us-q12bnxe
HAAC111130,LG ,Air Conditioner,"LG AC 1.0 Ton 3 Star Split AC with AI Convertible 6-in-1 Cooling, Gold Fin+, Viraat Mode, Dual Inverter Compressor, 2025 Model US-Q12BNXE",,Standard,2,Bedroom,67990,"35,490","37,584",,"37,584",,"37,690",,"37,490","30,500","2,000",4.40%,,https://betterhomeapp.com/cdn/shop/files/LG_AC_1.0_Ton_3_Star_Split_AC_with_AI_Convertible_6-in-1_Cooling_Gold_Fin_Viraat_Mode_Dual_Inverter_Compressor_2025_Model_US-Q12BNXE-Open_View.png?v=1743790424,https://betterhomeapp.com/products/lg-ac-1-0-ton-3-star-split-ac-with-ai-convertible-6-in-1-cooling-gold-fin-viraat-mode-dual-inverter-compressor-2025-model-us-q12bnxe
HAAC111131,LG ,Air Conditioner,"LG AC 1.0 Ton 5 Star Split AC with AI Convertible 6-in-1 Cooling, HD Filter, Diet Mode+, 100% Copper Tubes, 2025 Model US-Q14ENZE",,Premium,3,Bedroom,"75,990","39,990","42,349",,"42,349",,"41,999",,"42,390","33,600","2,400",4.69%,,https://betterhomeapp.com/cdn/shop/files/LG_AC_1.0_Ton_5_Star_Split_AC_with_AI_Convertible_6-in-1_Cooling_HD_Filter_Diet_Mode_100_Copper_Tubes_2025_Model_US-Q14ENZE.png?v=1743827724,https://betterhomeapp.com/products/lg-ac-1-0-ton-5-star-split-ac-with-ai-convertible-6-in-1-cooling-hd-filter-diet-mode-100-copper-tubes-2025-model-us-q14enze
ELST0109,AO Smith,Instant Water Heater ,AO Smith MiniBot Instant Water Heater - 3 Ltrs,,Standard,3,Bathroom,5600,"3,720","3,939",,"3,939",,"3,990",,"3,990","1,610",270,6.15%,,https://betterhomeapp.com/cdn/shop/files/AO_Smith_MiniBot_Instant_Water_Heater_-_3_Ltrs.png?v=1736597048,https://betterhomeapp.com/products/ao-smith-minibot-instant-water-heater-3-ltrs?_pos=3&_sid=882bf8909&_ss=r
ELST0111,AO Smith,Instant Water Heater ,AO Smith Faston 5L Instant Water Heater,,"Standard, Premium",3,Bathroom,5000,"4,200","4,448",,"4,448",,"5,100",,"4,800",200,600,12.11%,,https://betterhomeapp.com/cdn/shop/files/ao-smith-faston-5l-instant-water-heater_-_Easy_to_Fit.webp?v=1740210114,https://betterhomeapp.com/products/ao-smith-faston-5l-instant-water-heater
ELST0119,AO Smith,Storage Water Heater ,AO Smith Finesse Storage Water Heater 10 Litres,,"Standard, Premium",3,Bathroom,13100,"8,630","9,139",,"9,139",,"9,327",,"9,000","4,100",370,3.63%,,https://betterhomeapp.com/cdn/shop/files/AO_Smith_Finesse_StorageWater_Heater_Finesse_Front_View-1.png?v=1740217459,https://betterhomeapp.com/products/ao-smith-finesse-storage-water-heater-10-litres
HAST0110,AO Smith,Storage Water Heater ,AO Smith Xpress Storage Water Heater 10Ltr ,,Premium,2,Bathroom,13800,"9,670","10,241",,"10,241",,"10,490",,"10,490","3,310",820,7.19%,,https://betterhomeapp.com/cdn/shop/files/AO_-_Smith_-_Xpress_-_Storage_-_Water_-_Heater_-_10Ltrs-FullView.png?v=1736603229,https://betterhomeapp.com/products/ao-smith-xpress-storage-water-heater?_pos=6&_sid=ff80c8b48&_ss=r
ELST0120,AO Smith,Storage Water Heater ,AO Smith Finesse Storage Water Heater 15 Litres,,Premium,2,Bathroom,15200,"10,210","10,812",,"10,812",,"11,000",,"11,000","4,200",790,6.56%,,https://betterhomeapp.com/cdn/shop/files/AO_Smith_Finesse_StorageWater_Heater_Finesse_Front_View-1.png?v=1740217459,https://betterhomeapp.com/products/ao-smith-finesse-storage-water-heater-15-litres
ELST0121,AO Smith,Storage Water Heater ,AO Smith Elegance Prime Storage Water Heater 15 Litres,Standard List,Standard,1,Bathroom,"11,400","7,530","7,974",,"7,974","9,000","8,965",8699,"8,500","2,900",970,10.92%,"1. Blue diamond glass-lined tank is corrosion resistant and has longer life.
2. Glass-coated Incoloy heating element ensures efficient, long-lasting, and scale-resistant heating.
3. 5-Star energy rated for its high energy efficiency and lead to lower electricity bills and faster heating. It consumes 2,000 watts.
4. This is apt for bathing with a shower or bucket.
5. Suitable for high-rise buildings by handling water pressure of 8 bars.",https://betterhomeapp.com/cdn/shop/files/AO_Smith_Elegance_Prime_Storage_WaterHeater4.png?v=1740223503,https://betterhomeapp.com/products/ao-smith-elegance-prime-storage-water-heater-15-litres
ELST0116,AO Smith,Storage Water Heater ,AO Smith Elegance Prime 25 Ltr,,"Standard, Premium",2,Bathroom,13100,"8,710","9,224",,"9,224",,"9,990",,"9,780","3,320","1,070",10.41%,,https://betterhomeapp.com/cdn/shop/files/AO_Smith_Elegance_Prime_Storage_WaterHeater4.png?v=1740223503,https://betterhomeapp.com/products/ao-smith-elegance-prime-storage-water-heater-25-ltr
ELST0104,AO Smith,Storage Water Heater ,AO Smith Elegance Slim Storage Water Heater 15 Ltr - Horizontal - LHS,Premium List,"Standard, Premium",1,Bathroom,"12,700","8,750","9,266",,"9,266",,"9,799","10,999","9,800","2,900","1,050",10.17%,,https://betterhomeapp.com/cdn/shop/files/Elegance-Slim_LHS_015-Left-Merged.png?v=1725537937,https://betterhomeapp.com/products/ao-smith-elegance-slim-storage-water-heater-15-ltr-lhs
HAWP0002,AO Smith,Water Purifier ,AO Smith X6 Plus 5 L RO + SCMT Water Purifier,,Standard,3,Ktichen,19000,,0,,0,,"17,990",,"16,500","2,500","16,500",#DIV/0!,,https://betterhomeapp.com/cdn/shop/files/AO_Smith_X6_Plus_5L_RO_SCMT_Water_Purifier.png?v=1740400886,https://betterhomeapp.com/products/ao-smith-elegance-slim-storage-water-heater-15-ltr-lhs
HAWP0004,AO Smith,Water Purifier ,AO Smith ProPlanet P4 Pro 5L RO + SCMT Water Purifier,Standard List,Standard,1,Ktichen,"24,400","19,385","20,529",,"20,529","20,000",18999,"19,900","19,800","4,600",415,1.81%,"1. 100% RO water since all the water is passed through the RO membrane unlike other brands.
2. Delivers ""Baby-Safe"" water with full-spectrum contaminant removal and UV freshness using 8-Stage RO + SCMT + UV purification.
3. SCMT (Silver Charged Membrane Technology) removes Virus, Bacteria, Cysts, Particulates, Endotoxins, Colloids, Chemicals and Phosphates.
4. All time fresh water with in-tank UV purification.
5. Adds essential minerals and copper for taste and health.
6. India's first 5 star rated water purifier which saves 2X water using ART™MAX Water Saving Technology. This is good for you and our Earth.",https://betterhomeapp.com/cdn/shop/files/AO_Smith__Pro_Planet__P4__Pro__5L__RO_SCMT__Water__Purifier__Full_View.png?v=1740507225,https://betterhomeapp.com/products/ao-smith-x6-plus-5-l-ro-scmt-water-purifier
,AO Smith,Water Purifier ,Pro 8,,Premium,2,Ktichen,22500,"17,560","18,596",,"18,596",,,,,,"-17,560",-84.75%,,,
HAWP0005,AO Smith,Water Purifier ,AO Smith Proplanet P6 10L RO + SCMT Hot & Cold Water Purifier - Black,Premium List,Premium,1,Ktichen,31100,"24,650","26,104",,"26,104",,"25,430",,"25,400","5,700",750,2.58%,,https://betterhomeapp.com/cdn/shop/files/AO_Smith_ProPlanet_P6_10L_RO_Plus_SCMT_Hot_and_Cold_Water_Purifier-Installation.jpg?v=1752776691,https://betterhomeapp.com/cdn/shop/files/AO_Smith_ProPlanet_P6_10L_RO_Plus_SCMT_Hot_and_Cold_Water_Purifier-Installation.jpg?v=1752776691
HAWP0001,AO Smith,Water Purifier ,AO Smith Z2 Pro Under the Counter RO Water Purifier,,"Standard, Premium",2,Ktichen,25900,"19,996","21,176",,"21,176",,"21,348",,"21,500","4,400","1,504",6.37%,,https://betterhomeapp.com/cdn/shop/files/AO_Smith_India_Z2_Pro_Under_the_Counter_RO_Water_Purifier_-_Fitting_image.jpg?v=1738162504,https://betterhomeapp.com/products/ao-smith-proplanet-p6-10l-ro-plus-scmt-hot-and-cold-water-purifier
,AO Smith,Water Softener,CWS-40,,"Standard, Premium",2,"Whole Home, Bathroom",119000,"90,000","95,310",,"95,310","98,000",,,,,"-90,000",-84.75%,,,
,AO Smith,Water Softener,CWS-25,,"Standard, Premium",1,"Whole Home, Bathroom","95,000","70,000","74,130",,"74,130","75,000",,,,,"-70,000",-84.75%,,,
,Eureka Forbes,Water Softener,Aquaguard Select AWS 5000 (3000 Litres per Hour),,"Standard, Premium",2,Whole Home,,,0,,0,,,,"81,000",,"81,000",#DIV/0!,,,
,Eureka Forbes,Robotic Vacuum Cleaner,Eureka Forbes Vacuum Cleaner Smartclean with Home Mapping Pro,,Premium,1,Whole Home,"33,100","26,499","28,062",,"28,062",,"33,100",,"28,500","4,600","2,001",6.40%,,,https://www.eurekaforbes.com/dp/GWPDWS50L10000/aquaguard-select-aws-5000-water-softener
ELCE1343-24792277,Atomberg,Ceiling Fan,Atomberg Aris Starlight IOT Enabled 1200 mm BLDC Motor with Remote 3 Blade Ceiling Fan - Brown (Dark Teakwood),Premium List,Premium,1,"Hall, Dining","15,530","8,991","9,521",100,"9,621",10249,"10,249",9999,"9,900","5,630",909,8.57%,"1. Very elegant look with the blade and underlight.
2. Good air delivery of 250 CMM to give the right comfort.
3. 5 Star rated; 39W per hour. Saves up to  ₹1,300 per year.
4. 2 years warranty. + 1 year if registered on Atomberg's website.
5. Can be controlled with Alex, Google, etc., and remote control for convenience.
6. Very low noise of 52 dBA as against a normal fan which is 60 dBA.",https://betterhomeapp.com/cdn/shop/files/20230202atombergarisstarlightamzpli-ma_tkwood_2.jpg?v=1720722044,https://betterhomeapp.com/products/atomberg-aris-starlight-ceiling-fan?variant=49583596273956
ELCE1343-24792276,Atomberg,Ceiling Fan,Atomberg Aris Starlight IOT Enabled 1200 mm BLDC Motor with Remote 3 Blade Ceiling Fan - White (Marble White),,Premium,2,"Hall, Dining","12,060","7,018","7,432",100,"7,532","7,999","7,999","7,999","7,900","4,160",882,10.65%,"1. Very elegant look with the blade and underlight.
2. Good air delivery of 250 CMM to give the right comfort.
3. 5 Star rated; 39W per hour. Saves up to  ₹1,300 per year.
4. 2 years warranty. + 1 year if registered on Atomberg's website.
5. Can be controlled with Alex, Google, etc., and remote control for convenience.
6. Very low noise of 52 dBA as against a normal fan which is 60 dBA.",https://betterhomeapp.com/cdn/shop/files/20230202atombergarisstarlightamzpli-ma_white_2.jpg?v=1720721903,https://betterhomeapp.com/products/atomberg-aris-starlight-ceiling-fan?variant=49583594504484
ELCE1259-1,Atomberg,Ceiling Fan,Atomberg Renesa Elite 1200 mm BLDC Ceiling Fan with Remote Control & LED Indicators ,,Standard,2,"Hall, Bedroom, Dining",5660,"3,775","3,998",100,"4,098",,"4,099",,"4,100","1,560",325,7.30%,,https://betterhomeapp.com/cdn/shop/files/Atomberg_Renesa_Elite_1200mm_BLDC_Ceiling_Fan_with_Remote_Control_LED_Indicators-Midnight_Black-PebbleGray.webp?v=1740588516,https://betterhomeapp.com/products/atomberg-renesa-elite-1200-mm-bldc-ceiling-fan-with-remote-control-led-indicators
ELCE1258-1,Atomberg,Ceiling Fan,"Atomberg Renesa Halo 600 mm BLDC Ceiling Fan - for Kitchen, Walk-in Wardrobe and Patio","Standard List, Premium List","Standard, Premium",1,"Ktichen, Patio, Walk-in-Wardrobe","6,000","3,333","3,530",100,"3,630","3,600","3,699",3599,"3,680","2,320",347,8.82%,"1. 600 mm sweep, 3‑blade ceiling fan, tailor-made for small, enclosed spaces such as kitchens, walk‑in wardrobes, patios, balconies, utility rooms, and pooja corners.
2. Operating at just 35 Watts, the Renesa Halo delivers powerful airflow while consuming a fraction of the electricity of traditional small fans.",https://betterhomeapp.com/cdn/shop/files/atomberg_renesa_halo_600mm_midnight_black_1_better_home.jpg?v=1754412396,https://betterhomeapp.com/products/atomberg-renesa-halo-600-mm-bldc-ceiling-fan-for-kitchen-walk-in-wardrobe-and-patio
ELCE1340-24792187,Atomberg,Ceiling Fan,Atomberg Ikano 1200mm BLDC Motor with Remote 5 star Rated Energy Efficient Ceiling Fan,,Standard,3,"Hall, Bedroom, Dining","4,820","2,572","2,724",100,"2,824",,,,"3,120",,548,18.06%,,https://betterhomeapp.com/cdn/shop/files/ikano_brown_2.jpg?v=1720691621,https://betterhomeapp.com/products/atomberg-ikano-1200mm-bldc-motor-with-remote-5-star-rated-energy-efficient-ceiling-fan?variant=49581490831652
ELCE1252-1,Atomberg,Ceiling Fan,Atomberg Renesa Prime Remote 1200mm BLDC Motor 5 Star Rated Sleek Ceiling Fan with Remote,,Standard,2,"Hall, Bedroom, Dining","5,660","3,151","3,337",100,"3,437",,,,"3,450","2,210",299,8.04%,,https://betterhomeapp.com/cdn/shop/files/fangx24em7d84ekj_01.jpg?v=1713616114,https://betterhomeapp.com/products/atomberg-renesa-prime-remote-1200mm-bldc-motor-5-star-rated-sleek-ceiling-fan-with-remote
ELWA0266-1,Atomberg,Wall Fan,Atomberg Renesa 400mm BLDC motor Energy Saving Wall Fan Remote Control ,,"Standard, Premium",1,"Walk-in-Wardrobe, Ktichen",5660,"3,441","3,644",100,"3,744",,"3,599",,"3,759","1,901",318,7.83%,,https://betterhomeapp.com/cdn/shop/files/20230310atombergrenesawallamzpliys_slide-2.jpg?v=1720496352,https://betterhomeapp.com/products/atomberg-renesa-400mm-bldc-motor-energy-saving-wall-fan-remote-control
ELPE0144-24792239,Atomberg,Pedestal Fan ,Atomberg Renesa 400mm BLDC motor Energy Saving Pedestal Fan with Remote Control ,,"Standard, Premium",3,"Hall, Bedroom",6450,"3,887","4,116",100,"4,216",,"3,599",,"4,240","2,210",353,7.70%,,https://betterhomeapp.com/cdn/shop/files/pedestal_black_fan_pli_slide-2.jpg?v=1720506610,https://betterhomeapp.com/products/atomberg-renesa-400mm-bldc-motor-energy-saving-pedestal-fan-with-remote-control
ELEX0079-24792788,Atomberg,Exhaust Fan,Atomberg Efficio 150mm BLDC motor Energy Saving Exhaust Fan ,Standard List,Standard,1,Bathroom,"3,350","1,212","1,284",100,"1,384","1,399","1,399","1,349","1,350","2,000",138,9.65%,"1. Good air suction of 360 CMH with a speed of 2000 RPM.
2. Back flaps prevent Insects from entering the home.
3. Low noise.
4. BLDC motor consumes 65% less electricity but it is not too impactful since exhaust fans are not used for longer time in the bathroom.
5. Square cut out of175 MM X 175 MM.",https://betterhomeapp.com/cdn/shop/files/20221117atombergefficioexh150amzpli_black3_1.jpg?v=1720583556,https://betterhomeapp.com/products/atomberg-efficio-150mm-bldc-motor-energy-saving-exhaust-fan?_pos=4&_sid=99bfa48d9&_ss=r&_fid=18a304918
ELEX0058-24039233,Atomberg,Exhaust Fan,Atomberg Studio 150mm BLDC motor Energy Saving Exhaust Fan ,Premium List,Premium,1,Bathroom,3180,"1,481","1,568",100,"1,668",,"2,246",,"1,630","1,550",149,8.53%,,https://betterhomeapp.com/cdn/shop/files/20221117atombergstudioexh150amzpli-ma_black3.jpg?v=1720613658,https://betterhomeapp.com/products/atomberg-studio-150mm-bldc-motor-energy-saving-exhaust-fan-copy?_pos=5&_sid=1ed791633&_ss=r?variant=49577412100388
ELEX0078-24792773,Atomberg,Exhaust Fan,Atomberg Studio+ 150mm BLDC motor Energy Saving Exhaust Fan ,,Premium,2,Bathroom,3640,"1,775","1,880",100,"1,980",,"1,999",,"1,950","1,690",175,8.36%,,https://betterhomeapp.com/cdn/shop/files/20221117atombergstudio_150exhamzpli-ma_black3.jpg?v=1720610378,https://betterhomeapp.com/products/atomberg-studio-plus-150mm-bldc-motor-energy-saving-exhaust-fan?variant=49577328050468
ELMI1250-10001,Atomberg,Mixer Grinder,Atomberg Zenova Mixer Grinder with Unique Coarse Model 4 Jars including Chopper Jar with Hands Free Operation ,,"Standard, Premium",2,Ktichen,11999,"6,113","6,474",100,"6,574",,"6,999",,"7,050","4,949",937,12.99%,,https://betterhomeapp.com/cdn/shop/files/zenova_mixer_amazon_pli_black__artboard_1_1.jpg?v=1721647640,https://betterhomeapp.com/products/atomberg-zenova-mixer-grinder-with-unique-coarse-model-4-jars-including-chopper-jar-with-hands-free-operation
ELCE1346-24839363,Superfan,Ceiling Fan,Superfan Super X1 High Speed BLDC Ceiling Fan with 5 Years Warranty - 120 cm (48 inches)  - Brown,Standard List,Standard,1,"Bedroom, Dining, Hall","6,100","2,950","3,124",120,"3,244","3,600","3,700",3600,"3,500","2,600",550,15.80%,"1. Good air delivery of 230 CMM to give the right comfort for a good sleep. Highly recommended for those who prefer performance.
2. 5 Star rated; 65% Power saving which would be up to ₹1,500 per year.
3. 5 years warranty. Highest in the market.
4. Less maintenance because dust accumulated on brown colour are less visible.
5. Remote control for convenience.",https://betterhomeapp.com/cdn/shop/files/Superfan_SuperX1_Ceiling_Fan_Pot_Brown.png?v=1738994179,https://betterhomeapp.com/products/superfan-super-x1-ceiling-fan?variant=47082258039076
ELCE1346-24839365,Superfan,Ceiling Fan,Superfan Super X1 High Speed BLDC Ceiling Fan with 5 Years Warranty - 120 cm (48 inches) - White,,Standard,1,"Bedroom, Dining, Hall","6,100","2,950","3,124",120,"3,244",3600,"3,700",3600,"3,500","2,600",550,15.80%,"1. Good air delivery of 230 CMM to give the right comfort for a good sleep. Highly recommended for those who prefer performance.
2. 5 Star rated; 65% Power saving which would be up to ₹1,500 per year.
3. 5 years warranty. Highest in the market.
4. Remote control for convenience.
5. White colour is neutral and would suit all interior colours.",https://betterhomeapp.com/cdn/shop/files/Superfan_SuperX1_Ceiling_Fan_White.png?v=1738994179,https://betterhomeapp.com/products/superfan-super-x1-ceiling-fan?variant=47082258137380
ELCE1352-1,Superfan,Ceiling Fan,"Superfan Super Q High Flow BLDC Ceiling Fan with 5 Years Warranty - 120 cm (48"" inches)",,Premium,3,"Bedroom, Dining, Hall",9800,"5,867","6,213",120,"6,333",,"5,900",,"6,000","3,800",133,1.92%,,https://betterhomeapp.com/cdn/shop/files/electro-radiance-1200mm-01.jpg?v=1720024211,https://betterhomeapp.com/products/superfan-super-q-high-flow-bldc-ceiling-fan-with-5-years-warranty-120-cm-48-inches?_pos=2&_sid=4f6ed7337&_ss=r?variant=49547372036388
ELCE1357-4,Superfan,Ceiling Fan,"Superfan Super myQ Smart BLDC Fan with 5 Years Warranty - 120 cm (48"" inches) ",Premium List,Premium,1,"Hall, Bedroom, Dining",13500,,0,120,120,,,,"7,400","6,100","7,400",#DIV/0!,"1. Very good air delivery of 260 CMM to give the maximum comfort for a good sleep.
2. 5 Star rated; 65% Power saving which would be up to ₹1,500 per year.
3. 5 years warranty.
4. Very low noise of 49 dBA as against a normal fan which is 60 dBA.
5. Can be controlled with voice in any language without the need for Alexa,  Google and Internet. Kids and youngsters would enjoy. Has remote control too.
6. Power Factor is greater than 0.99 which means less loss of power which is good for the country.",https://betterhomeapp.com/cdn/shop/files/Superfan_Super_myQ_Onyx_Pearl-2.webp?v=1739805171,https://betterhomeapp.com/products/superfan-super-myq-smart-bldc-fan-with-5-years-warranty-120-cm-48-inches?variant=50186325000484
ELCE1358-1,Superfan,Ceiling Fan,"Superfan Super Sevak High Speed BLDC Ceiling Fan With 5 Years Warranty - 120 cm (48"" inches)",,Standard,3,"Hall, Dining, Bedroom",5800,,0,120,120,,,,"2,900","2,900","2,900",#DIV/0!,,https://betterhomeapp.com/cdn/shop/files/Superfan_Super_Sevak_High_Speed_BLDC_Ceiling_Fan_With_5_Years_Warranty-120cm-Brown.webp?v=1751605862,https://betterhomeapp.com/products/superfan-super-sevak-high-speed-bldc-ceiling-fan-with-5-years-warranty-120-cm-48-inches
,Superfan,Pedestal Fan ,Superfan Super P400 BLDC Pedestal Fan,,"Standard, Premium",3,"Hall, Bedroom","7,800","3,800","4,024",120,"4,144","4,300","4,300",4369,"4,300","3,500",500,11.15%,,,
KICH0014,Bosch ,Chimney ,Bosch Chimney 90 CM - DWKA98H60I - Series 4 - Wall-Mounted Cooker Hood Flat Black,Premium List,Premium,1,Ktichen,59990,"39,357","41,679",,"41,679",,"44,750",,"44,500","15,490","5,143",11.07%,,https://betterhomeapp.com/cdn/shop/files/Bosch-_Chimney-_90_CM_-_DWKA98H60I_-_Series_4_-_Wall-Mounted-_Cooker-_Hood_-Flat_Black_-_Display_3.webp?v=1736444086,https://betterhomeapp.com/products/bosch-chimney-90-cm-dwka98h60i-series-4-wall-mounted-cooker-hood-flat-black?_pos=1&_psq=DWKA98H60I&_ss=e&_v=1.0
HADW0018,Bosch ,Dishwasher ,Bosch Free-Standing Dishwasher 15 Place Settings - Series 6 - 60 Cm - SMS6HMC00I - Brushed steel anti-fingerprint,,Premium,2,"Ktichen, Laundry",82190,"61,643","65,588",,"65,588",,"69,500",70683,"69,800","12,390","8,158",10.34%,,https://betterhomeapp.com/cdn/shop/files/BoschFree-StandingDishwasher15PlaceSettings-Series6-60Cm-SMS6HMC00I-Brushedsteelanti-fingerprint-Dimension.webp?v=1752285329,https://betterhomeapp.com/products/bosch-free-standing-dishwasher-15-place-settings-series-6-60-cm-sms6hmc00i-brushed-steel-anti-fingerprint
HADW0013,Bosch ,Dishwasher ,Bosch Free-Standing Dishwasher 15 Place Settings - Series 6 - 60 Cm - SMS4HMB62T - Black ,Premium List,Premium,1,"Ktichen, Laundry",89490,"74,719","79,501",,"79,501",,"77,490",,"78,210","11,280","3,491",3.65%,,https://betterhomeapp.com/cdn/shop/files/Bosch-Free-Standing-Dishwasher-15Place-Settings-Series6-60Cm-SMS4HMB62T-Black-Black.webp?v=1736481364,https://betterhomeapp.com/products/bosch-free-standing-dishwasher-15-place-settings-series-6-60-cm-sms4hmb62t-black
HADW0017,Bosch ,Dishwasher ,Bosch Free-Standing Dishwasher 14 Place Settings - Series 6 - 60 Cm - SMS6IKI01I- Brushed steel anti-fingerprint,Standard List,Standard,1,"Ktichen, Laundry","65,190","48,893","52,022",,"52,022","53,456","53,990","52,990","53,500","11,690","4,607",7.36%,"1. 14-place setting is designed to accommodate a large number of dishes, Typically the dishes used through out the day.
2. Silent (48 decibel), energy-saving cleaning with the EcoSilence Drive (motor).
3. Home Connect allows to start washes, check status, and get alerts via voice or app.
4. 10‑year inner tub warranty.
5. The premium brushed and fingerprint‑free stainless steel finish resists smudges and maintains sleek appeal.",https://betterhomeapp.com/cdn/shop/files/Bosch_Free-Standing_Dishwasher_14_PlaceSettings-Series_6-60_Cm-SMS6IKI01I-Brushed_steelanti-fingerprint-FullView.webp?v=1747739594,https://betterhomeapp.com/products/bosch-free-standing-dishwasher-14-place-settings-series-6-60-cm-sms6iki01i-brushed-steel-anti-fingerprint
,Bosch ,Combi Steam Oven,Bosch 71L Series 8 Built-in oven with steam function 60 x 60 cm Black HSG7361B1,,Premium,3,Ktichen,"2,79,990","1,83,699","1,94,537",,"1,94,537",,"2,09,990",,"2,09,990","70,000","26,291",11.18%,,,
,Bosch ,Oven,Bosch 71L Series 2 Built-in oven 60 x 60 cm Black HBF011BA1I,,Premium,2,Ktichen,"74,490",,0,,0,,,,,"74,490",0,#DIV/0!,,,
HARE011204,Bosch ,Refrigerator,Bosch 559L  Double Door Bottom Mount Refrigerator Series 6 - KGN56LB42I,Premium List,Premium,1,"Ktichen, Dining",108090,"85,017","90,033",,"90,033",,"86,390",,"87,294","20,796","2,277",2.27%,,https://betterhomeapp.com/cdn/shop/files/Bosch_559L_Double_Door_Bottom_Mount_Refrigerator_Series6-KGN56LB42I-FullView.webp?v=1746727720,https://betterhomeapp.com/products/bosch-559l-double-door-bottom-mount-refrigerator-series-6-kgn56lb42i
HAMO011204,Bosch ,Microwave Oven,Bosch 25L Series 6 Built-In Microwave Oven BEL554MB0I - Black,,Premium,1,Ktichen,"69,990","45,918","48,627",,"48,627",,"52,290",,"52,490","17,500","6,572",12.13%,,https://betterhomeapp.com/cdn/shop/files/Bosch_25L_Series6_Built-In_Microwave_Oven_BEL554MB0I-Black-SideView.webp?v=1746851780,https://betterhomeapp.com/products/bosch-25l-series-6-built-in-microwave-oven-bel554mb0i-black
HAMO011205,Bosch ,Microwave Oven,Bosch 25L Series 4 Built-In Microwave Oven BEL553MS0I Stainless steel,,Premium,2,Ktichen,"64,490","42,244","44,736",,"44,736",,"46,690",,"48,290","16,200","6,046",12.13%,,https://betterhomeapp.com/cdn/shop/files/Bosch_25L_Series4_Built-In_Microwave_Oven_BEL553MS0I_Stainlesssteel-SideView.webp?v=1746880480,https://betterhomeapp.com/products/bosch-25l-series-4-built-in-microwave-oven-bel553ms0i-stainless-steel
HAMO011206,Bosch ,Microwave Oven,Bosch 25L Series 6 Built-In Microwave Oven BEL553MB0I - Black,,Premium,2,Ktichen,"69,490","45,481","48,164",,"48,164",,"51,890",,"51,990","17,500","6,509",12.13%,,https://betterhomeapp.com/cdn/shop/files/Bosch_25L_Series6_Built-InMicrowave_Oven_BEL553MB0I-Black-SideView.webp?v=1747047368,https://betterhomeapp.com/products/bosch-25l-series-6-built-in-microwave-oven-bel553mb0i-black
HAMO011207,Bosch ,Microwave Oven,Bosch 25L Series 4 Built-In Microwave Oven BEL550MS0I - Stainless Steel,,Premium,3,Ktichen,"55,990","36,733","38,900",,"38,900",,"40,690",,"41,990","14,000","5,257",12.13%,,https://betterhomeapp.com/cdn/shop/files/Bosch_25L_Series4_Built-InMicrowave_Oven_BEL550MS0I-Stainless_Steel-Side_View.webp?v=1747197405,https://betterhomeapp.com/products/bosch-25l-series-4-built-in-microwave-oven-bel550ms0i-stainless-steel
KICH00011,Bosch ,Hob,Bosch Built-in Gas Hob 75CM - Series 6 - 3 Burner - PND7B6F20I - Tempered Glass Black,,Premium,2,Ktichen,"53,990",,0,,0,,,,"48,591","5,399","48,591",#DIV/0!,,https://betterhomeapp.com/cdn/shop/files/Bosch_Built-in_Gas_Hob_75CM-Series6_-_3Burner_-_PND7B6F20I_-Tempered_Glass_Black-Full_View.webp?v=1737021923,https://betterhomeapp.com/products/bosch-built-in-gas-hob-75cm-series-6-3-burner-pnd7b6f20i-tempered-glass-black
HAHB0001,Bosch ,Hob,Bosch Built-in Gas Hob 75CM - Series 6 - 3 Burner -  PND7B6G20I - Tempered Glass Black,Premium List,Premium,1,Ktichen,"55,990",33594,"35,576",,"35,576",,,,"41,000","14,990","7,406",18.68%,,https://betterhomeapp.com/cdn/shop/files/Bosch-Built-in-Gas-Hob-75CM-Series6-3Burner-PND7B6G20I-Tempered-Glass-Black-Full-View.webp?v=1737017058,https://betterhomeapp.com/products/bosch-built-in-gas-hob-75cm-series-6-3-burner-pnd7b6g20i-tempered-glass-black
KICH00012,Bosch ,Hob,Bosch Built-in Gas Hob 60CM - Series 4 - 4 Burner -  PNH6B6F20I - Tempered Glass Black,,"Standard, Premium",2,Ktichen,"44,490",,0,,0,,,,"40,041","4,449","40,041",#DIV/0!,,https://betterhomeapp.com/cdn/shop/files/Bosch_Built-in_Gas_Hob_60CM-Series4_-_4Burner_-_PNH6B6F20I__-Tempered_Glass_Black-Full_View.webp?v=1737039424,https://betterhomeapp.com/products/bosch-built-in-gas-hob-60cm-series-4-4-burner-pnh6b6f20i-tempered-glass-black
HAHB0004,Bosch ,Hob,Bosch Built-in Gas Hob 5 Burner 90CM Series 6 PNV9B6F20I Tempered glass Black,,Premium,3,Ktichen,"65,490",,0,,0,,,,"58,990","6,500","58,990",#DIV/0!,,https://betterhomeapp.com/cdn/shop/files/Bosch_Built-in_Gas_Hob5_Burner_90CM_Series6_PNV9B6F20I_Tempered_glass_Black.webp?v=1743698466,https://betterhomeapp.com/products/bosch-built-in-gas-hob-5-burner-90cm-series-6-pnv9b6f20i-tempered-glass-black
,Bosch ,Hob,Bosch Built-in Gas Hob 4 Burner 90CM Series 4 PNF9B6G20I Tempered glass Black,,Premium,2,Ktichen,,,0,,0,,,,,0,0,#DIV/0!,,,
KICH0025,Bosch ,Cooktop,Bosch Series 4 Table Top 4 Burners Gas Hob 60 cm PNP0E6W10I,,Standard,2,Ktichen,"21,500",,0,,0,,,,"7,000","14,500","7,000",#DIV/0!,,https://betterhomeapp.com/cdn/shop/files/Bosch_Series_4_Table_Top_4_Burners_Gas_Hob_60_cm_PNP0E6W10I_-_Full_View.webp?v=1748884319,https://betterhomeapp.com/products/bosch-series-4-table-top-4-burners-gas-hob-60-cm-pnp0e6w10i
,Bosch ,Washing Machine,Bosch Series 2 Washing Machine Top Loader 680 RPM WOE802D7IN,,Standard,1,Laundry,"31,490","22,000","23,298",,"23,298",23500,"23,500",,"23,500","7,990","1,500",5.78%,,,
,Bosch ,Vacuum Cleaner,Bosch Cordless Vacuum Cleaner Unlimited 7 Graphite BCS711AIN,,Premium,1,Whole Home,"41,900","27,235","28,842",,"28,842","29,330","28,900",,"28,600",,"1,365",4.25%,,,
,Bosch ,Vacuum Cleaner,Bosch Cordless Vacuum Cleaner Unlimited 7 ProAnimal Red BCS71PETIN,,Premium,2,Whole Home,"58,900","38,285","40,544",,"40,544","41,230","38,900","41,103","38,900","20,000",615,1.36%,,,
KICH0021,Faber ,Hob,Faber 90cm 4 Burner Hob Experia HT 904 ALU AI FFD ,,Premium,1,Ktichen,"33,590",,0,,0,,,,"33,590",0,"33,590",#DIV/0!,,https://betterhomeapp.com/cdn/shop/files/Faber90cm4BurnerHobExperiaHT904ALUAIFFD-Fullimage2.webp?v=1738237931,https://betterhomeapp.com/products/faber-90cm-4-burner-hob-experia-ht-904-alu-ai-ffd
KICH0028,Faber ,Cooktop,Faber 3 Burner Cooktop Spark 3BB BK - 77 CM,Standard List,Standard,1,Ktichen,"8,990","4,521","4,788",,"4,788",4599,"4,784",4770,"4,600","4,390",79,1.48%,"1. Equipped with three brass burners (1 jumbo, 1 medium, and 1 small) for various cooking needs and uniform heat distribution.
2. 6 MM toughened black glass top for durability and scratch resistance. It looks sleek too.
3. Stainless steel drip trays simplify cleanup by catching spills.
4. The powder-coated round pan supports provide sturdy stability for different cookware sizes and resist chipping and rusting.",https://betterhomeapp.com/cdn/shop/files/Faber_77cm_3Burner_Cooktop_Spark_3BBBK-Display_View.jpg?v=1753250572,https://betterhomeapp.com/products/faber-77cm-3-burner-cooktop-spark-3bb-bk-77-cm
,Faber ,OTG,Faber FOTG 34L BK Double Glaze,,Standard,1,Ktichen,"10,990","7,952","8,421",,"8,421","8,799","8,499",,"8,300","2,690",348,3.71%,,,
KICH0022,Faber ,Chimney ,Faber Hood Sunny IN HC SC FL LG 60 Auto Clean Filterless Chimney,Standard List,Standard,1,Ktichen,"26,990","14,394","15,243",,"15,243",16520,"15,349",15650,"15,300","11,690",906,5.33%,"1. 1200 m³/hr suction power
2. Filterless design.
3. Auto-Clean function self-cleans oil and grease; saves time and effort.
4. Gesture control offers hands-free convenience while cooking.",https://betterhomeapp.com/cdn/shop/files/Faber_Hood_Sunny_IN_HC_SC_FL_LG_60_Auto_Clean_Filterless_Chimney-Full_View_3.webp?v=1746450177,https://betterhomeapp.com/products/faber-hood-sunny-in-hc-sc-fl-lg-60-auto-clean-filterless-chimney
,Faber ,Cooktop,Faber Cooktop Remo XL 4BB,,Standard,3,Ktichen,"13,990","10,266","10,872",,"10,872","11,550","10,945",10970,"10,900","3,090",634,5.23%,,,
,Faber ,Chimney ,Faber Hood Bolt FL SW SC BK 60 N,,"Standard, Premium",2,Ktichen,"49,990","31,992","33,880",,"33,880","35,260","31,849",34910,"34,500","15,490","2,508",6.64%,,,
KICH0027,Faber ,Hob,Faber 75cm 3 Burner HOB BELLA HT753 BR AI,,Standard,1,Ktichen,32550,"24,395","25,834",,"25,834","27,820","27,179",27211,"26,500","6,050","2,105",7.31%,,https://betterhomeapp.com/cdn/shop/files/Faber75cm3BurnerHOBBELLAHT753BRAI.webp?v=1752860863,https://betterhomeapp.com/products/faber-75cm-3-burner-hob-bella-ht753-br-ai
,Faber ,Microwave,Faber FMW Instacook 20_S Digital,,Standard,1,Ktichen,"9,990","7,097","7,516",,"7,516","7,950","7,199","7,350","7,190","2,800",93,1.11%,,,
GLLE0011-24795171,S3,LED Mirror,S3 Classic Rectangular LED Mirror 24x18 inch - 3 Colour without Defogger ,"Standard List, Premium List","Standard, Premium",1,"Bathroom, Dining","6,500","2,500","2,648",150,"2,798",3100,"3,800",4100,"3,100","3,400",600,20.34%,"1. LED mirrors are aesthetic while providing light for dressing-up, shaving, etc.
2. Back Cover is made of 4mm ACP (Aluminium Composite Panel) sheet which is waterproof.
3. Made with high quality German brand OSRAM LED strip.
4. Mirror is double coated with Epoxy and paint which reflects light better.",https://betterhomeapp.com/cdn/shop/files/eb1de1d1-a4f2-4c0c-923d-a8b673c03170_3-Front-View-3-B.jpg?v=1695240722,https://betterhomeapp.com/products/s3-classic-rectangular-led-mirror-24x18-inch-3-colour-without-defogger
,,,,,,,,,,,,,,,,,,0,#DIV/0!,,,
,,,,,,,,,,,,,,,,,0,0,#DIV/0!,,,
,,,,,,,,,,,,,,,,,0,0,#DIV/0!,,,
,,,,,,,,,,,,,,,,,,0,,,,
,,,,,,,,,,,,,,,,,,0,,,,
,,,,,,,,,,,,,,,,,,0,,,,
,,,,,,,,,,,,,,,,,,0,,,,
,,,,,,,,,,,,,,,,,,0,,,,
,,,,,,,,,,,,,,,,,,0,,,,
,,,,,,,,,,,,,,,,,,0,,,,
,,,,,,,,,,,,,,,,,,0,,,,
,,,,,,,,,,,,,,,,,,0,,,,
,,,,,,,,,,,,,,,,,,0,,,,
,,,,,,,,,,,,,,,,,,0,,,,
,,,,,,,,,,,,,,,,,,0,,,,
,,,,,,,,,,,,,,,,,,0,,,,
,,,,,,,,,,,,,,,,,,0,,,,
,,,,,,,,,,,,,,,,,,0,,,,
,,,,,,,,,,,,,,,,,,0,,,,
,,,,,,,,,,,,,,,,,,0,,,,
,,,,,,,,,,,,,,,,,,0,,,,
,,,,,,,,,,,,,,,,,,0,,,,
,,,,,,,,,,,,,,,,,,0,,,,
,,,,,,,,,,,,,,,,,,0,,,,
,,,,,,,,,,,,,,,,,,0,,,,
,,,,,,,,,,,,,,,,,,0,,,,
,,,,,,,,,,,,,,,,,,0,,,,
,,,,,,,,,,,,,,,,,,0,,,,
,,,,,,,,,,,,,,,,,,0,,,,
,,,,,,,,,,,,,,,,,,0,,,,
,,,,,,,,,,,,,,,,,,0,,,,
,,,,,,,,,,,,,,,,,,0,,,,
,,,,,,,,,,,,,,,,,,0,,,,
,,,,,,,,,,,,,,,,,,0,,,,
,,,,,,,,,,,,,,,,,,0,,,,
,,,,,,,,,,,,,,,,,,0,,,,
,,,,,,,,,,,,,,,,,,0,,,,
,,,,,,,,,,,,,,,,,,0,,,,
,,,,,,,,,,,,,,,,,,0,,,,
,,,,,,,,,,,,,,,,,,0,,,,
,,,,,,,,,,,,,,,,,,0,,,,
,,,,,,,,,,,,,,,,,,0,,,,
,,,,,,,,,,,,,,,,,,0,,,,
,,,,,,,,,,,,,,,,,,0,,,,
,,,,,,,,,,,,,,,,,,0,,,,
,,,,,,,,,,,,,,,,,,0,,,,
,,,,,,,,,,,,,,,,,,0,,,,
,,,,,,,,,,,,,,,,,,0,,,,
,,,,,,,,,,,,,,,,,,0,,,,
,,,,,,,,,,,,,,,,,,0,,,,
,,,,,,,,,,,,,,,,,,0,,,,
,,,,,,,,,,,,,,,,,,0,,,,
,,,,,,,,,,,,,,,,,,0,,,,
,,,,,,,,,,,,,,,,,,0,,,,
,,,,,,,,,,,,,,,,,,0,,,,
,,,,,,,,,,,,,,,,,,0,,,,
,,,,,,,,,,,,,,,,,,0,,,,
,,,,,,,,,,,,,,,,,,0,,,,
,,,,,,,,,,,,,,,,,,0,,,,
,,,,,,,,,,,,,,,,,,0,,,,
,,,,,,,,,,,,,,,,,,0,,,,
,,,,,,,,,,,,,,,,,,0,,,,
,,,,,,,,,,,,,,,,,,0,,,,
,,,,,,,,,,,,,,,,,,0,,,,
,,,,,,,,,,,,,,,,,,0,,,,
,,,,,,,,,,,,,,,,,,0,,,,
,,,,,,,,,,,,,,,,,,0,,,,
,,,,,,,,,,,,,,,,,,0,,,,
,,,,,,,,,,,,,,,,,,0,,,,
,,,,,,,,,,,,,,,,,,0,,,,
,,,,,,,,,,,,,,,,,,0,,,,
,,,,,,,,,,,,,,,,,,0,,,,
,,,,,,,,,,,,,,,,,,0,,,,
,,,,,,,,,,,,,,,,,,0,,,,
,,,,,,,,,,,,,,,,,,0,,,,
,,,,,,,,,,,,,,,,,,0,,,,
,,,,,,,,,,,,,,,,,,0,,,,
,,,,,,,,,,,,,,,,,,0,,,,
,,,,,,,,,,,,,,,,,,0,,,,
,,,,,,,,,,,,,,,,,,0,,,,
,,,,,,,,,,,,,,,,,,0,,,,
,,,,,,,,,,,,,,,,,,0,,,,
,,,,,,,,,,,,,,,,,,0,,,,
,,,,,,,,,,,,,,,,,,0,,,,
,,,,,,,,,,,,,,,,,,0,,,,
,,,,,,,,,,,,,,,,,,0,,,,
,,,,,,,,,,,,,,,,,,0,,,,
,,,,,,,,,,,,,,,,,,0,,,,
,,,,,,,,,,,,,,,,,,0,,,,
,,,,,,,,,,,,,,,,,,0,,,,
,,,,,,,,,,,,,,,,,,0,,,,
,,,,,,,,,,,,,,,,,,0,,,,
,,,,,,,,,,,,,,,,,,0,,,,
,,,,,,,,,,,,,,,,,,0,,,,
,,,,,,,,,,,,,,,,,,0,,,,
,,,,,,,,,,,,,,,,,,0,,,,
,,,,,,,,,,,,,,,,,,0,,,,
,,,,,,,,,,,,,,,,,,0,,,,
,,,,,,,,,,,,,,,,,,0,,,,
,,,,,,,,,,,,,,,,,,0,,,,
,,,,,,,,,,,,,,,,,,0,,,,
,,,,,,,,,,,,,,,,,,0,,,,
,,,,,,,,,,,,,,,,,,0,,,,
,,,,,,,,,,,,,,,,,,0,,,,
,,,,,,,,,,,,,,,,,,0,,,,
,,,,,,,,,,,,,,,,,,0,,,,
,,,,,,,,,,,,,,,,,,0,,,,
,,,,,,,,,,,,,,,,,,0,,,,
,,,,,,,,,,,,,,,,,,0,,,,
,,,,,,,,,,,,,,,,,,0,,,,
,,,,,,,,,,,,,,,,,,0,,,,
,,,,,,,,,,,,,,,,,,0,,,,
,,,,,,,,,,,,,,,,,,0,,,,
,,,,,,,,,,,,,,,,,,0,,,,
,,,,,,,,,,,,,,,,,,0,,,,
,,,,,,,,,,,,,,,,,,0,,,,
,,,,,,,,,,,,,,,,,,0,,,,
,,,,,,,,,,,,,,,,,,0,,,,
,,,,,,,,,,,,,,,,,,0,,,,
,,,,,,,,,,,,,,,,,,0,,,,
,,,,,,,,,,,,,,,,,,0,,,,
,,,,,,,,,,,,,,,,,,0,,,,
,,,,,,,,,,,,,,,,,,0,,,,
,,,,,,,,,,,,,,,,,,0,,,,
,,,,,,,,,,,,,,,,,,0,,,,
,,,,,,,,,,,,,,,,,,0,,,,
,,,,,,,,,,,,,,,,,,0,,,,
,,,,,,,,,,,,,,,,,,0,,,,
,,,,,,,,,,,,,,,,,,0,,,,
,,,,,,,,,,,,,,,,,,0,,,,
,,,,,,,,,,,,,,,,,,0,,,,
,,,,,,,,,,,,,,,,,,0,,,,
,,,,,,,,,,,,,,,,,,0,,,,
,,,,,,,,,,,,,,,,,,0,,,,
,,,,,,,,,,,,,,,,,,0,,,,
,,,,,,,,,,,,,,,,,,0,,,,
,,,,,,,,,,,,,,,,,,0,,,,
,,,,,,,,,,,,,,,,,,0,,,,
,,,,,,,,,,,,,,,,,,0,,,,
,,,,,,,,,,,,,,,,,,0,,,,
,,,,,,,,,,,,,,,,,,0,,,,
,,,,,,,,,,,,,,,,,,0,,,,
,,,,,,,,,,,,,,,,,,0,,,,
,,,,,,,,,,,,,,,,,,0,,,,
,,,,,,,,,,,,,,,,,,0,,,,
,,,,,,,,,,,,,,,,,,0,,,,
,,,,,,,,,,,,,,,,,,0,,,,
,,,,,,,,,,,,,,,,,,0,,,,
,,,,,,,,,,,,,,,,,,0,,,,
,,,,,,,,,,,,,,,,,,0,,,,
,,,,,,,,,,,,,,,,,,0,,,,
,,,,,,,,,,,,,,,,,,0,,,,
,,,,,,,,,,,,,,,,,,0,,,,
,,,,,,,,,,,,,,,,,,0,,,,
,,,,,,,,,,,,,,,,,,0,,,,
,,,,,,,,,,,,,,,,,,0,,,,
,,,,,,,,,,,,,,,,,,0,,,,
,,,,,,,,,,,,,,,,,,0,,,,
,,,,,,,,,,,,,,,,,,0,,,,
,,,,,,,,,,,,,,,,,,0,,,,
,,,,,,,,,,,,,,,,,,0,,,,
,,,,,,,,,,,,,,,,,,0,,,,
,,,,,,,,,,,,,,,,,,0,,,,
,,,,,,,,,,,,,,,,,,0,,,,
,,,,,,,,,,,,,,,,,,0,,,,
,,,,,,,,,,,,,,,,,,0,,,,
,,,,,,,,,,,,,,,,,,0,,,,
,,,,,,,,,,,,,,,,,,0,,,,
,,,,,,,,,,,,,,,,,,0,,,,
,,,,,,,,,,,,,,,,,,0,,,,
,,,,,,,,,,,,,,,,,,0,,,,
,,,,,,,,,,,,,,,,,,0,,,,
,,,,,,,,,,,,,,,,,,0,,,,
,,,,,,,,,,,,,,,,,,0,,,,
,,,,,,,,,,,,,,,,,,0,,,,
,,,,,,,,,,,,,,,,,,0,,,,
,,,,,,,,,,,,,,,,,,0,,,,
,,,,,,,,,,,,,,,,,,0,,,,
,,,,,,,,,,,,,,,,,,0,,,,
,,,,,,,,,,,,,,,,,,0,,,,
,,,,,,,,,,,,,,,,,,0,,,,
,,,,,,,,,,,,,,,,,,0,,,,
,,,,,,,,,,,,,,,,,,0,,,,
,,,,,,,,,,,,,,,,,,0,,,,
,,,,,,,,,,,,,,,,,,0,,,,
,,,,,,,,,,,,,,,,,,0,,,,
,,,,,,,,,,,,,,,,,,0,,,,
,,,,,,,,,,,,,,,,,,0,,,,
,,,,,,,,,,,,,,,,,,0,,,,
,,,,,,,,,,,,,,,,,,0,,,,
,,,,,,,,,,,,,,,,,,0,,,,
,,,,,,,,,,,,,,,,,,0,,,,
,,,,,,,,,,,,,,,,,,0,,,,
,,,,,,,,,,,,,,,,,,0,,,,
,,,,,,,,,,,,,,,,,,0,,,,
,,,,,,,,,,,,,,,,,,0,,,,
,,,,,,,,,,,,,,,,,,0,,,,
,,,,,,,,,,,,,,,,,,0,,,,
,,,,,,,,,,,,,,,,,,0,,,,
,,,,,,,,,,,,,,,,,,0,,,,
,,,,,,,,,,,,,,,,,,0,,,,
,,,,,,,,,,,,,,,,,,0,,,,
,,,,,,,,,,,,,,,,,,0,,,,
,,,,,,,,,,,,,,,,,,0,,,,
,,,,,,,,,,,,,,,,,,0,,,,
,,,,,,,,,,,,,,,,,,0,,,,
,,,,,,,,,,,,,,,,,,0,,,,
,,,,,,,,,,,,,,,,,,0,,,,
,,,,,,,,,,,,,,,,,,0,,,,
,,,,,,,,,,,,,,,,,,0,,,,
,,,,,,,,,,,,,,,,,,0,,,,
,,,,,,,,,,,,,,,,,,0,,,,
,,,,,,,,,,,,,,,,,,0,,,,
,,,,,,,,,,,,,,,,,,0,,,,
,,,,,,,,,,,,,,,,,,0,,,,
,,,,,,,,,,,,,,,,,,0,,,,
,,,,,,,,,,,,,,,,,,0,,,,
,,,,,,,,,,,,,,,,,,0,,,,
,,,,,,,,,,,,,,,,,,0,,,,
,,,,,,,,,,,,,,,,,,0,,,,
,,,,,,,,,,,,,,,,,,0,,,,
,,,,,,,,,,,,,,,,,,0,,,,
,,,,,,,,,,,,,,,,,,0,,,,
,,,,,,,,,,,,,,,,,,0,,,,
,,,,,,,,,,,,,,,,,,0,,,,
,,,,,,,,,,,,,,,,,,0,,,,
,,,,,,,,,,,,,,,,,,0,,,,
,,,,,,,,,,,,,,,,,,0,,,,
,,,,,,,,,,,,,,,,,,0,,,,
,,,,,,,,,,,,,,,,,,0,,,,
,,,,,,,,,,,,,,,,,,0,,,,
,,,,,,,,,,,,,,,,,,0,,,,
,,,,,,,,,,,,,,,,,,0,,,,
,,,,,,,,,,,,,,,,,,0,,,,
,,,,,,,,,,,,,,,,,,0,,,,
,,,,,,,,,,,,,,,,,,0,,,,
,,,,,,,,,,,,,,,,,,0,,,,
,,,,,,,,,,,,,,,,,,0,,,,
,,,,,,,,,,,,,,,,,,0,,,,
,,,,,,,,,,,,,,,,,,0,,,,
,,,,,,,,,,,,,,,,,,0,,,,
,,,,,,,,,,,,,,,,,,0,,,,
,,,,,,,,,,,,,,,,,,0,,,,
,,,,,,,,,,,,,,,,,,0,,,,
,,,,,,,,,,,,,,,,,,0,,,,
,,,,,,,,,,,,,,,,,,0,,,,
,,,,,,,,,,,,,,,,,,0,,,,
,,,,,,,,,,,,,,,,,,0,,,,
,,,,,,,,,,,,,,,,,,0,,,,
,,,,,,,,,,,,,,,,,,0,,,,
,,,,,,,,,,,,,,,,,,0,,,,
,,,,,,,,,,,,,,,,,,0,,,,
,,,,,,,,,,,,,,,,,,0,,,,
,,,,,,,,,,,,,,,,,,0,,,,
,,,,,,,,,,,,,,,,,,0,,,,
,,,,,,,,,,,,,,,,,,0,,,,
,,,,,,,,,,,,,,,,,,0,,,,
,,,,,,,,,,,,,,,,,,0,,,,
,,,,,,,,,,,,,,,,,,0,,,,
,,,,,,,,,,,,,,,,,,0,,,,
,,,,,,,,,,,,,,,,,,0,,,,
,,,,,,,,,,,,,,,,,,0,,,,
,,,,,,,,,,,,,,,,,,0,,,,
,,,,,,,,,,,,,,,,,,0,,,,
,,,,,,,,,,,,,,,,,,0,,,,
,,,,,,,,,,,,,,,,,,0,,,,
,,,,,,,,,,,,,,,,,,0,,,,
,,,,,,,,,,,,,,,,,,0,,,,
,,,,,,,,,,,,,,,,,,0,,,,
,,,,,,,,,,,,,,,,,,0,,,,
,,,,,,,,,,,,,,,,,,0,,,,
,,,,,,,,,,,,,,,,,,0,,,,
,,,,,,,,,,,,,,,,,,0,,,,
,,,,,,,,,,,,,,,,,,0,,,,
,,,,,,,,,,,,,,,,,,0,,,,
,,,,,,,,,,,,,,,,,,0,,,,
,,,,,,,,,,,,,,,,,,0,,,,
,,,,,,,,,,,,,,,,,,0,,,,
,,,,,,,,,,,,,,,,,,0,,,,
,,,,,,,,,,,,,,,,,,0,,,,
,,,,,,,,,,,,,,,,,,0,,,,
,,,,,,,,,,,,,,,,,,0,,,,
,,,,,,,,,,,,,,,,,,0,,,,
,,,,,,,,,,,,,,,,,,0,,,,
,,,,,,,,,,,,,,,,,,0,,,,
,,,,,,,,,,,,,,,,,,0,,,,
,,,,,,,,,,,,,,,,,,0,,,,
,,,,,,,,,,,,,,,,,,0,,,,
,,,,,,,,,,,,,,,,,,0,,,,
,,,,,,,,,,,,,,,,,,0,,,,
,,,,,,,,,,,,,,,,,,0,,,,
,,,,,,,,,,,,,,,,,,0,,,,
,,,,,,,,,,,,,,,,,,0,,,,
,,,,,,,,,,,,,,,,,,0,,,,
,,,,,,,,,,,,,,,,,,0,,,,
,,,,,,,,,,,,,,,,,,0,,,,
,,,,,,,,,,,,,,,,,,0,,,,
,,,,,,,,,,,,,,,,,,0,,,,
,,,,,,,,,,,,,,,,,,0,,,,
,,,,,,,,,,,,,,,,,,0,,,,
,,,,,,,,,,,,,,,,,,0,,,,
,,,,,,,,,,,,,,,,,,0,,,,
,,,,,,,,,,,,,,,,,,0,,,,
,,,,,,,,,,,,,,,,,,0,,,,
,,,,,,,,,,,,,,,,,,0,,,,
,,,,,,,,,,,,,,,,,,0,,,,
,,,,,,,,,,,,,,,,,,0,,,,
,,,,,,,,,,,,,,,,,,0,,,,
,,,,,,,,,,,,,,,,,,0,,,,
,,,,,,,,,,,,,,,,,,0,,,,
,,,,,,,,,,,,,,,,,,0,,,,
,,,,,,,,,,,,,,,,,,0,,,,
,,,,,,,,,,,,,,,,,,0,,,,
,,,,,,,,,,,,,,,,,,0,,,,
,,,,,,,,,,,,,,,,,,0,,,,
,,,,,,,,,,,,,,,,,,0,,,,
,,,,,,,,,,,,,,,,,,0,,,,
,,,,,,,,,,,,,,,,,,0,,,,
,,,,,,,,,,,,,,,,,,0,,,,
,,,,,,,,,,,,,,,,,,0,,,,
,,,,,,,,,,,,,,,,,,0,,,,
,,,,,,,,,,,,,,,,,,0,,,,
,,,,,,,,,,,,,,,,,,0,,,,
,,,,,,,,,,,,,,,,,,0,,,,
,,,,,,,,,,,,,,,,,,0,,,,
,,,,,,,,,,,,,,,,,,0,,,,
,,,,,,,,,,,,,,,,,,0,,,,
,,,,,,,,,,,,,,,,,,0,,,,
,,,,,,,,,,,,,,,,,,0,,,,
,,,,,,,,,,,,,,,,,,0,,,,
,,,,,,,,,,,,,,,,,,0,,,,
,,,,,,,,,,,,,,,,,,0,,,,
,,,,,,,,,,,,,,,,,,0,,,,
,,,,,,,,,,,,,,,,,,0,,,,
,,,,,,,,,,,,,,,,,,0,,,,
,,,,,,,,,,,,,,,,,,0,,,,
,,,,,,,,,,,,,,,,,,0,,,,
,,,,,,,,,,,,,,,,,,0,,,,
,,,,,,,,,,,,,,,,,,0,,,,
,,,,,,,,,,,,,,,,,,0,,,,
,,,,,,,,,,,,,,,,,,0,,,,
,,,,,,,,,,,,,,,,,,0,,,,
,,,,,,,,,,,,,,,,,,0,,,,
,,,,,,,,,,,,,,,,,,0,,,,
,,,,,,,,,,,,,,,,,,0,,,,
,,,,,,,,,,,,,,,,,,0,,,,
,,,,,,,,,,,,,,,,,,0,,,,
,,,,,,,,,,,,,,,,,,0,,,,
,,,,,,,,,,,,,,,,,,0,,,,
,,,,,,,,,,,,,,,,,,0,,,,
,,,,,,,,,,,,,,,,,,0,,,,
,,,,,,,,,,,,,,,,,,0,,,,
,,,,,,,,,,,,,,,,,,0,,,,
,,,,,,,,,,,,,,,,,,0,,,,
,,,,,,,,,,,,,,,,,,0,,,,
,,,,,,,,,,,,,,,,,,0,,,,
,,,,,,,,,,,,,,,,,,0,,,,
,,,,,,,,,,,,,,,,,,0,,,,
,,,,,,,,,,,,,,,,,,0,,,,
,,,,,,,,,,,,,,,,,,0,,,,
,,,,,,,,,,,,,,,,,,0,,,,
,,,,,,,,,,,,,,,,,,0,,,,
,,,,,,,,,,,,,,,,,,0,,,,
,,,,,,,,,,,,,,,,,,0,,,,
,,,,,,,,,,,,,,,,,,0,,,,
,,,,,,,,,,,,,,,,,,0,,,,
,,,,,,,,,,,,,,,,,,0,,,,
,,,,,,,,,,,,,,,,,,0,,,,
,,,,,,,,,,,,,,,,,,0,,,,
,,,,,,,,,,,,,,,,,,0,,,,
,,,,,,,,,,,,,,,,,,0,,,,
,,,,,,,,,,,,,,,,,,0,,,,
,,,,,,,,,,,,,,,,,,0,,,,
,,,,,,,,,,,,,,,,,,0,,,,
,,,,,,,,,,,,,,,,,,0,,,,
,,,,,,,,,,,,,,,,,,0,,,,
,,,,,,,,,,,,,,,,,,0,,,,
,,,,,,,,,,,,,,,,,,0,,,,
,,,,,,,,,,,,,,,,,,0,,,,
,,,,,,,,,,,,,,,,,,0,,,,
,,,,,,,,,,,,,,,,,,0,,,,
,,,,,,,,,,,,,,,,,,0,,,,
,,,,,,,,,,,,,,,,,,0,,,,
,,,,,,,,,,,,,,,,,,0,,,,
,,,,,,,,,,,,,,,,,,0,,,,
,,,,,,,,,,,,,,,,,,0,,,,
,,,,,,,,,,,,,,,,,,0,,,,
,,,,,,,,,,,,,,,,,,0,,,,
,,,,,,,,,,,,,,,,,,0,,,,
,,,,,,,,,,,,,,,,,,0,,,,
,,,,,,,,,,,,,,,,,,0,,,,
,,,,,,,,,,,,,,,,,,0,,,,
,,,,,,,,,,,,,,,,,,0,,,,
,,,,,,,,,,,,,,,,,,0,,,,
,,,,,,,,,,,,,,,,,,0,,,,
,,,,,,,,,,,,,,,,,,0,,,,
,,,,,,,,,,,,,,,,,,0,,,,
,,,,,,,,,,,,,,,,,,0,,,,
,,,,,,,,,,,,,,,,,,0,,,,
,,,,,,,,,,,,,,,,,,0,,,,
,,,,,,,,,,,,,,,,,,0,,,,
,,,,,,,,,,,,,,,,,,0,,,,
,,,,,,,,,,,,,,,,,,0,,,,
,,,,,,,,,,,,,,,,,,0,,,,
,,,,,,,,,,,,,,,,,,0,,,,
,,,,,,,,,,,,,,,,,,0,,,,
,,,,,,,,,,,,,,,,,,0,,,,
,,,,,,,,,,,,,,,,,,0,,,,
,,,,,,,,,,,,,,,,,,0,,,,
,,,,,,,,,,,,,,,,,,0,,,,
,,,,,,,,,,,,,,,,,,0,,,,
,,,,,,,,,,,,,,,,,,0,,,,
,,,,,,,,,,,,,,,,,,0,,,,
,,,,,,,,,,,,,,,,,,0,,,,
,,,,,,,,,,,,,,,,,,0,,,,
,,,,,,,,,,,,,,,,,,0,,,,
,,,,,,,,,,,,,,,,,,0,,,,
,,,,,,,,,,,,,,,,,,0,,,,
,,,,,,,,,,,,,,,,,,0,,,,
,,,,,,,,,,,,,,,,,,0,,,,
,,,,,,,,,,,,,,,,,,0,,,,
,,,,,,,,,,,,,,,,,,0,,,,
,,,,,,,,,,,,,,,,,,0,,,,